{
  "Input Method Hotkeys": {
    "en": "Input Method Hotkeys",
    "zh-Hans": "输入法快捷键"
  },
  "General": {
    "en": "General",
    "zh-Hans": "通用"
  },
  "Launch at Login": {
    "en": "Launch at Login",
    "zh-Hans": "开机时启动"
  },
  "Start TyperMate automatically when you log in.": {
    "en": "Start TyperMate automatically when you log in.",
    "zh-Hans": "登录时自动启动 TyperMate。"
  }
,
  "Remap Keys": {
    "en": "Remap Keys",
    "zh-Hans": "按键映射"
  },
  "Press Enter to open, F2 to rename": {
    "en": "Press Enter to open, F2 to rename",
    "zh-Hans": "按回车打开文件，按 F2 重命名"
  },
  "Home/End Goes to Line Start/End": {
    "en": "Home/End Goes to Line Start/End",
    "zh-Hans": "Home/End 跳到行首/行尾"
  },
  "Remap Home/End to go to the top/bottom of current window": {
    "en": "Remap Home/End to go to the top/bottom of current window",
    "zh-Hans": "将 Home/End 映射为当前窗口顶部/底部"
  },
  "Press Enter to Open File in Finder": {
    "en": "Press Enter to Open File in Finder",
    "zh-Hans": "在访达中按回车打开文件"
  },
  "Pressing Enter will open file/folder. Press F2 to rename.": {
    "en": "Pressing Enter will open file/folder. Press F2 to rename.",
    "zh-Hans": "按回车打开文件或文件夹，按 F2 重命名。"
  },
  "Switch Input Method": {
    "en": "Switch Input Method",
    "zh-Hans": "切换输入法"
  },
  "Edit": {
    "en": "Edit",
    "zh-Hans": "编辑"
  },
  "Set Hotkey": {
    "en": "Set Hotkey",
    "zh-Hans": "设置快捷键"
  },
  "Cancel": {
    "en": "Cancel",
    "zh-Hans": "取消"
  },
  "Exit": {
    "en": "Exit",
    "zh-Hans": "退出"
  },
  "Refresh": {
    "en": "Refresh",
    "zh-Hans": "刷新"
  },
  "input methods": {
    "en": "input methods",
    "zh-Hans": "输入法"
  }
}
